title,company,location,link
"Senior Software Engineer, PieSync (Haskell)",HubSpot,"Dublin 1, Ireland",https://stackoverflow.com/jobs/365622
Haskell Developer,Holmusk,No office location,https://stackoverflow.com/jobs/406253
DevOps Director,freshermart,"Hyderabad, India",https://stackoverflow.com/jobs/344510
Sr. Platform Engineer,TigerConnect,"Santa Monica, CA",https://stackoverflow.com/jobs/414851
ネットワークエンジニア,type転職エージェント,"Chuo City, Japan",https://stackoverflow.com/jobs/403924
"Product Engineering, Soft Engineer",Paidy,"Tokyo, Japan",https://stackoverflow.com/jobs/413852
OCaml Developer (100% remote),simplestaking.com ltd,No office location,https://stackoverflow.com/jobs/403091
Devops Engineer,Holmusk,Singapore,https://stackoverflow.com/jobs/393260
(Senior) Software Engineer,Hypatos GmbH,"Berlin, Deutschland",https://stackoverflow.com/jobs/401730
Software Engineer Middleware 80 - 100%,finnova AG Bankware,"Lenzburg, Switzerland",https://stackoverflow.com/jobs/412865
Blockchain Technical Writer ( 100% remote ),simplestaking.com ltd,No office location,https://stackoverflow.com/jobs/412448
Software Engineer - WhatsApp Erlang Team,Facebook,"London, UK",https://stackoverflow.com/jobs/411892
DevOps Engineer,Channable,"Utrecht, Netherlands",https://stackoverflow.com/jobs/399980
Hackers wanted - Software Engineers (m/f/d) & Machine Learning Experts (m/f/d),freiheit.com technologies gmbh,"Lissabon, Portugal",https://stackoverflow.com/jobs/254089
Hackers wanted - Software Engineers (m/f/d) & Machine Learning Experts (m/f/d),freiheit.com technologies gmbh,"Hamburg, Deutschland",https://stackoverflow.com/jobs/165266
Hackers wanted-Looking for a Senior Developer (m/f/d) with Team Lead Experience!,freiheit.com technologies gmbh,"Hamburg, Deutschland",https://stackoverflow.com/jobs/91520
Hackers wanted-Looking for a Senior Developer (m/f/d) with Team Lead Experience!,freiheit.com technologies gmbh,"Lissabon, Portugal",https://stackoverflow.com/jobs/197741
Senior JavaScript/TypeScript Engineer,Interos,"Arlington, VA",https://stackoverflow.com/jobs/399259
Haskell Software Engineer,Interos,No office location,https://stackoverflow.com/jobs/399257
Senior Software Engineer Rails/Elm/React,HubTran Inc.,No office location,https://stackoverflow.com/jobs/410103
Elm Developer (f/m/x),Lindenbaum GmbH,"Karlsruhe, Deutschland",https://stackoverflow.com/jobs/359465
Scala Developer,Cognotekt GmbH,"Köln, Deutschland",https://stackoverflow.com/jobs/195180
Senior Haskell Developer (m/f/d),e-bot7 GmbH,"München, Germany",https://stackoverflow.com/jobs/313347
Backend Engineer,Armored Things,"Boston, MA",https://stackoverflow.com/jobs/322319
Haskell Backend Developer,Holmusk,"New York, NY",https://stackoverflow.com/jobs/392839
Elm Developer,Holmusk,No office location,https://stackoverflow.com/jobs/395496
Haskell Developer,Holmusk,No office location,https://stackoverflow.com/jobs/395441
